{
  "products": [
    {
      "id": 101,
      "title": "Five Alive Citrus",
      "price": "116.56",
      "image": "http://placekitten.com/g/351/315"
    },
    {
      "id": 102,
      "title": "Wine - Niagara Peninsula Vqa",
      "price": "752.92",
      "image": "http://placekitten.com/g/328/329"
    },
    {
      "id": 103,
      "title": "Coffee Decaf Colombian",
      "price": "778.56",
      "image": "http://placekitten.com/g/365/388"
    },
    {
      "id": 104,
      "title": "Squid - Breaded",
      "price": "281.13",
      "image": "http://placekitten.com/g/346/307"
    },
    {
      "id": 105,
      "title": "Croissant, Raw - Mini",
      "price": "74.86",
      "image": "http://placekitten.com/g/350/315"
    },
    {
      "id": 106,
      "title": "The Pop Shoppe - Black Cherry",
      "price": "555.41",
      "image": "http://placekitten.com/g/327/320"
    },
    {
      "id": 107,
      "title": "Carrots - Mini Red Organic",
      "price": "614.20",
      "image": "http://placekitten.com/g/301/335"
    },
    {
      "id": 108,
      "title": "Steampan - Lid For Half Size",
      "price": "282.25",
      "image": "http://placekitten.com/g/364/306"
    },
    {
      "id": 109,
      "title": "Chef Hat 25cm",
      "price": "902.30",
      "image": "http://placekitten.com/g/372/330"
    },
    {
      "id": 110,
      "title": "Shrimp - Baby, Warm Water",
      "price": "971.69",
      "image": "http://placekitten.com/g/385/335"
    },
    {
      "id": 111,
      "title": "Sauce - Gravy, Au Jus, Mix",
      "price": "148.77",
      "image": "http://placekitten.com/g/350/397"
    },
    {
      "id": 112,
      "title": "Coke - Classic, 355 Ml",
      "price": "319.02",
      "image": "http://placekitten.com/g/329/351"
    },
    {
      "id": 113,
      "title": "Rice - Basmati",
      "price": "341.12",
      "image": "http://placekitten.com/g/308/340"
    },
    {
      "id": 114,
      "title": "Cranberry Foccacia",
      "price": "409.92",
      "image": "http://placekitten.com/g/376/372"
    },
    {
      "id": 115,
      "title": "Lid - Translucent, 3.5 And 6 Oz",
      "price": "893.44",
      "image": "http://placekitten.com/g/326/335"
    },
    {
      "id": 116,
      "title": "Dried Cherries",
      "price": "829.89",
      "image": "http://placekitten.com/g/331/346"
    },
    {
      "id": 117,
      "title": "Bar Mix - Lime",
      "price": "548.33",
      "image": "http://placekitten.com/g/320/357"
    },
    {
      "id": 118,
      "title": "Chocolate Bar - Reese Pieces",
      "price": "707.89",
      "image": "http://placekitten.com/g/354/345"
    },
    {
      "id": 119,
      "title": "Veal - Brisket, Provimi, Bone - In",
      "price": "942.46",
      "image": "http://placekitten.com/g/373/360"
    },
    {
      "id": 120,
      "title": "Rice - Wild",
      "price": "987.06",
      "image": "http://placekitten.com/g/345/317"
    },
    {
      "id": 121,
      "title": "Mousse - Mango",
      "price": "970.21",
      "image": "http://placekitten.com/g/327/379"
    },
    {
      "id": 122,
      "title": "Lettuce - Frisee",
      "price": "935.94",
      "image": "http://placekitten.com/g/388/392"
    },
    {
      "id": 123,
      "title": "Cheese - Pied De Vents",
      "price": "515.43",
      "image": "http://placekitten.com/g/300/332"
    },
    {
      "id": 124,
      "title": "Container Clear 8 Oz",
      "price": "868.61",
      "image": "http://placekitten.com/g/322/336"
    },
    {
      "id": 125,
      "title": "Quiche Assorted",
      "price": "478.82",
      "image": "http://placekitten.com/g/380/398"
    },
    {
      "id": 126,
      "title": "Wine - Fontanafredda Barolo",
      "price": "712.61",
      "image": "http://placekitten.com/g/377/326"
    },
    {
      "id": 127,
      "title": "Dasheen",
      "price": "10.58",
      "image": "http://placekitten.com/g/366/340"
    },
    {
      "id": 128,
      "title": "Beef - Tongue, Fresh",
      "price": "644.02",
      "image": "http://placekitten.com/g/374/346"
    }
  ],
  "next": null
}