{
  "products": [
    {
      "id": 1,
      "title": "Ice Cream - Super Sandwich",
      "price": "112.72",
      "image": "http://placekitten.com/g/357/314"
    },
    {
      "id": 2,
      "title": "Juice - Orange 1.89l",
      "price": "719.94",
      "image": "http://placekitten.com/g/368/375"
    },
    {
      "id": 3,
      "title": "Pea - Snow",
      "price": "211.53",
      "image": "http://placekitten.com/g/393/374"
    },
    {
      "id": 4,
      "title": "Ecolab Crystal Fusion",
      "price": "919.53",
      "image": "http://placekitten.com/g/367/311"
    },
    {
      "id": 5,
      "title": "Chocolate Bar - Oh Henry",
      "price": "942.80",
      "image": "http://placekitten.com/g/312/301"
    },
    {
      "id": 6,
      "title": "Wine - Red, Mouton Cadet",
      "price": "407.98",
      "image": "http://placekitten.com/g/348/350"
    },
    {
      "id": 7,
      "title": "Clams - Canned",
      "price": "922.99",
      "image": "http://placekitten.com/g/389/350"
    },
    {
      "id": 8,
      "title": "Juice - Pineapple, 48 Oz",
      "price": "109.48",
      "image": "http://placekitten.com/g/360/315"
    },
    {
      "id": 9,
      "title": "Cheese - Shred Cheddar / Mozza",
      "price": "733.47",
      "image": "http://placekitten.com/g/398/341"
    },
    {
      "id": 10,
      "title": "Bread - Corn Muffaleta Onion",
      "price": "93.48",
      "image": "http://placekitten.com/g/306/356"
    },
    {
      "id": 11,
      "title": "Kellogs Cereal In A Cup",
      "price": "166.32",
      "image": "http://placekitten.com/g/387/347"
    },
    {
      "id": 12,
      "title": "Rum - Light, Captain Morgan",
      "price": "891.69",
      "image": "http://placekitten.com/g/307/305"
    },
    {
      "id": 13,
      "title": "Ginger - Pickled",
      "price": "79.51",
      "image": "http://placekitten.com/g/356/307"
    },
    {
      "id": 14,
      "title": "Mushroom - Oyster, Fresh",
      "price": "642.54",
      "image": "http://placekitten.com/g/337/304"
    },
    {
      "id": 15,
      "title": "Tomatoes - Diced, Canned",
      "price": "789.91",
      "image": "http://placekitten.com/g/326/336"
    },
    {
      "id": 16,
      "title": "Wine - George Duboeuf Rose",
      "price": "295.46",
      "image": "http://placekitten.com/g/394/328"
    },
    {
      "id": 17,
      "title": "Lentils - Green, Dry",
      "price": "413.16",
      "image": "http://placekitten.com/g/336/379"
    },
    {
      "id": 18,
      "title": "Miso - Soy Bean Paste",
      "price": "854.30",
      "image": "http://placekitten.com/g/310/324"
    },
    {
      "id": 19,
      "title": "Oregano - Fresh",
      "price": "606.24",
      "image": "http://placekitten.com/g/368/366"
    },
    {
      "id": 20,
      "title": "Cheese - Bakers Cream Cheese",
      "price": "32.04",
      "image": "http://placekitten.com/g/353/335"
    },
    {
      "id": 21,
      "title": "Wine - Carmenere Casillero Del",
      "price": "517.97",
      "image": "http://placekitten.com/g/354/367"
    },
    {
      "id": 22,
      "title": "Flour - Buckwheat, Dark",
      "price": "116.39",
      "image": "http://placekitten.com/g/381/304"
    },
    {
      "id": 23,
      "title": "Wine - Casablanca Valley",
      "price": "625.17",
      "image": "http://placekitten.com/g/301/397"
    },
    {
      "id": 24,
      "title": "Lemonade - Strawberry, 591 Ml",
      "price": "730.34",
      "image": "http://placekitten.com/g/357/346"
    },
    {
      "id": 25,
      "title": "Wine - Red, Mosaic Zweigelt",
      "price": "980.85",
      "image": "http://placekitten.com/g/308/361"
    },
    {
      "id": 26,
      "title": "Lettuce - Escarole",
      "price": "98.33",
      "image": "http://placekitten.com/g/375/344"
    },
    {
      "id": 27,
      "title": "Wine - Muscadet Sur Lie",
      "price": "431.11",
      "image": "http://placekitten.com/g/323/356"
    },
    {
      "id": 28,
      "title": "Bandage - Finger Cots",
      "price": "789.36",
      "image": "http://placekitten.com/g/345/360"
    },
    {
      "id": 29,
      "title": "Mountain Dew",
      "price": "533.10",
      "image": "http://placekitten.com/g/348/385"
    },
    {
      "id": 30,
      "title": "Clams - Bay",
      "price": "487.62",
      "image": "http://placekitten.com/g/332/312"
    },
    {
      "id": 31,
      "title": "White Fish - Filets",
      "price": "62.65",
      "image": "http://placekitten.com/g/310/376"
    },
    {
      "id": 32,
      "title": "Cardamon Seed / Pod",
      "price": "772.65",
      "image": "http://placekitten.com/g/397/340"
    },
    {
      "id": 33,
      "title": "Wine - Chardonnay Mondavi",
      "price": "586.20",
      "image": "http://placekitten.com/g/307/369"
    },
    {
      "id": 34,
      "title": "Crawfish",
      "price": "729.35",
      "image": "http://placekitten.com/g/381/399"
    },
    {
      "id": 35,
      "title": "Soup Campbells",
      "price": "966.97",
      "image": "http://placekitten.com/g/380/356"
    },
    {
      "id": 36,
      "title": "Pork - Back Ribs",
      "price": "791.42",
      "image": "http://placekitten.com/g/300/343"
    },
    {
      "id": 37,
      "title": "Vanilla Beans",
      "price": "518.75",
      "image": "http://placekitten.com/g/317/389"
    },
    {
      "id": 38,
      "title": "Anchovy In Oil",
      "price": "504.38",
      "image": "http://placekitten.com/g/316/350"
    },
    {
      "id": 39,
      "title": "Shrimp - 31/40",
      "price": "745.81",
      "image": "http://placekitten.com/g/300/395"
    },
    {
      "id": 40,
      "title": "Wine - Dubouef Macon - Villages",
      "price": "139.49",
      "image": "http://placekitten.com/g/378/301"
    },
    {
      "id": 41,
      "title": "Wine - Cotes Du Rhone",
      "price": "618.94",
      "image": "http://placekitten.com/g/354/385"
    },
    {
      "id": 42,
      "title": "Chinese Foods - Pepper Beef",
      "price": "12.89",
      "image": "http://placekitten.com/g/321/311"
    },
    {
      "id": 43,
      "title": "Cattail Hearts",
      "price": "693.03",
      "image": "http://placekitten.com/g/320/360"
    },
    {
      "id": 44,
      "title": "Anchovy In Oil",
      "price": "233.64",
      "image": "http://placekitten.com/g/315/375"
    },
    {
      "id": 45,
      "title": "Soup Campbells Split Pea And Ham",
      "price": "384.76",
      "image": "http://placekitten.com/g/303/332"
    },
    {
      "id": 46,
      "title": "Wasabi Powder",
      "price": "219.06",
      "image": "http://placekitten.com/g/339/300"
    },
    {
      "id": 47,
      "title": "Bread - Pumpernickel",
      "price": "600.66",
      "image": "http://placekitten.com/g/357/356"
    },
    {
      "id": 48,
      "title": "Plasticknivesblack",
      "price": "305.89",
      "image": "http://placekitten.com/g/314/370"
    },
    {
      "id": 49,
      "title": "Stock - Beef, Brown",
      "price": "806.71",
      "image": "http://placekitten.com/g/365/394"
    },
    {
      "id": 50,
      "title": "Water - Tonic",
      "price": "470.74",
      "image": " "
    }
  ],
  "next": "/feed/products_1.json"
}