{
  "products": [
    {
      "id": 51,
      "title": "Bread - Focaccia Quarter",
      "price": "94.86",
      "image": "http://placekitten.com/g/364/360"
    },
    {
      "id": 52,
      "title": "Quiche Assorted",
      "price": "283.66",
      "image": "http://placekitten.com/g/326/300"
    },
    {
      "id": 53,
      "title": "Chicken - Diced, Cooked",
      "price": "564.57",
      "image": "http://placekitten.com/g/331/377"
    },
    {
      "id": 54,
      "title": "Cheese - Fontina",
      "price": "31.22",
      "image": "http://placekitten.com/g/334/389"
    },
    {
      "id": 55,
      "title": "Pepper - Pablano",
      "price": "319.59",
      "image": "http://placekitten.com/g/343/372"
    },
    {
      "id": 56,
      "title": "Icecream - Dstk Cml And Fdg",
      "price": "63.71",
      "image": "http://placekitten.com/g/339/321"
    },
    {
      "id": 57,
      "title": "Cheese - Cheddar, Mild",
      "price": "429.75",
      "image": "http://placekitten.com/g/361/391"
    },
    {
      "id": 58,
      "title": "Sprouts Dikon",
      "price": "999.83",
      "image": "http://placekitten.com/g/335/356"
    },
    {
      "id": 59,
      "title": "Bread Roll Foccacia",
      "price": "202.05",
      "image": "http://placekitten.com/g/311/319"
    },
    {
      "id": 60,
      "title": "Jolt Cola",
      "price": "992.29",
      "image": "http://placekitten.com/g/310/366"
    },
    {
      "id": 61,
      "title": "Capon - Breast, Double, Wing On",
      "price": "31.25",
      "image": "http://placekitten.com/g/320/360"
    },
    {
      "id": 62,
      "title": "Puree - Strawberry",
      "price": "86.41",
      "image": "http://placekitten.com/g/385/389"
    },
    {
      "id": 63,
      "title": "Ham - Cooked",
      "price": "699.25",
      "image": "http://placekitten.com/g/342/398"
    },
    {
      "id": 64,
      "title": "Truffle - Peelings",
      "price": "358.53",
      "image": "http://placekitten.com/g/355/336"
    },
    {
      "id": 65,
      "title": "Port - 74 Brights",
      "price": "760.31",
      "image": "http://placekitten.com/g/342/369"
    },
    {
      "id": 66,
      "title": "Dc Hikiage Hira Huba",
      "price": "467.89",
      "image": "http://placekitten.com/g/315/389"
    },
    {
      "id": 67,
      "title": "Wine - Penfolds Koonuga Hill",
      "price": "503.21",
      "image": "http://placekitten.com/g/359/350"
    },
    {
      "id": 68,
      "title": "Glass - Wine, Plastic, Clear 5 Oz",
      "price": "648.90",
      "image": "http://placekitten.com/g/309/352"
    },
    {
      "id": 69,
      "title": "Creme De Menth - White",
      "price": "254.36",
      "image": "http://placekitten.com/g/368/320"
    },
    {
      "id": 70,
      "title": "Veal - Inside",
      "price": "867.27",
      "image": "http://placekitten.com/g/384/393"
    },
    {
      "id": 71,
      "title": "Wooden Mop Handle",
      "price": "39.14",
      "image": "http://placekitten.com/g/338/397"
    },
    {
      "id": 72,
      "title": "Beef - Cooked, Corned",
      "price": "414.34",
      "image": "http://placekitten.com/g/331/359"
    },
    {
      "id": 73,
      "title": "Bread - Roll, Soft White Round",
      "price": "293.92",
      "image": "http://placekitten.com/g/348/387"
    },
    {
      "id": 74,
      "title": "Chicken - Whole Roasting",
      "price": "557.70",
      "image": "http://placekitten.com/g/306/359"
    },
    {
      "id": 75,
      "title": "Onions - White",
      "price": "633.19",
      "image": "http://placekitten.com/g/396/320"
    },
    {
      "id": 76,
      "title": "Soup - Knorr, Chicken Noodle",
      "price": "394.71",
      "image": "http://placekitten.com/g/371/363"
    },
    {
      "id": 77,
      "title": "Pork Casing",
      "price": "800.73",
      "image": "http://placekitten.com/g/369/311"
    },
    {
      "id": 78,
      "title": "Cherries - Bing, Canned",
      "price": "934.66",
      "image": "http://placekitten.com/g/315/302"
    },
    {
      "id": 79,
      "title": "Bag - Clear 7 Lb",
      "price": "756.36",
      "image": "http://placekitten.com/g/311/369"
    },
    {
      "id": 80,
      "title": "Cheese - Comte",
      "price": "36.32",
      "image": "http://placekitten.com/g/380/340"
    },
    {
      "id": 81,
      "title": "Eel - Smoked",
      "price": "731.74",
      "image": "http://placekitten.com/g/375/374"
    },
    {
      "id": 82,
      "title": "Cotton Wet Mop 16 Oz",
      "price": "253.68",
      "image": "http://placekitten.com/g/392/340"
    },
    {
      "id": 83,
      "title": "Jam - Strawberry, 20 Ml Jar",
      "price": "666.55",
      "image": "http://placekitten.com/g/327/378"
    },
    {
      "id": 84,
      "title": "Marsala - Sperone, Fine, D.o.c.",
      "price": "671.95",
      "image": "http://placekitten.com/g/384/396"
    },
    {
      "id": 85,
      "title": "Wine - Placido Pinot Grigo",
      "price": "35.52",
      "image": "http://placekitten.com/g/307/312"
    },
    {
      "id": 86,
      "title": "Tahini Paste",
      "price": "976.25",
      "image": "http://placekitten.com/g/366/377"
    },
    {
      "id": 87,
      "title": "Beef - Rib Roast, Capless",
      "price": "203.48",
      "image": "http://placekitten.com/g/341/353"
    },
    {
      "id": 88,
      "title": "Nantucket - Carrot Orange",
      "price": "712.65",
      "image": "http://placekitten.com/g/361/385"
    },
    {
      "id": 89,
      "title": "Flour - Strong Pizza",
      "price": "345.91",
      "image": "http://placekitten.com/g/335/328"
    },
    {
      "id": 90,
      "title": "Flounder - Fresh",
      "price": "44.98",
      "image": "http://placekitten.com/g/394/372"
    },
    {
      "id": 91,
      "title": "Coconut - Shredded, Sweet",
      "price": "53.51",
      "image": "http://placekitten.com/g/344/361"
    },
    {
      "id": 92,
      "title": "Goulash Seasoning",
      "price": "355.69",
      "image": "http://placekitten.com/g/347/396"
    },
    {
      "id": 93,
      "title": "Russian Prince",
      "price": "97.63",
      "image": "http://placekitten.com/g/372/331"
    },
    {
      "id": 94,
      "title": "Red Snapper - Fresh, Whole",
      "price": "104.61",
      "image": "http://placekitten.com/g/361/391"
    },
    {
      "id": 95,
      "title": "Canadian Emmenthal",
      "price": "106.53",
      "image": "http://placekitten.com/g/353/373"
    },
    {
      "id": 96,
      "title": "Tea Peppermint",
      "price": "136.06",
      "image": "http://placekitten.com/g/317/363"
    },
    {
      "id": 97,
      "title": "Bonito Flakes - Toku Katsuo",
      "price": "954.72",
      "image": "http://placekitten.com/g/311/325"
    },
    {
      "id": 98,
      "title": "Flower - Commercial Spider",
      "price": "632.65",
      "image": "http://placekitten.com/g/365/357"
    },
    {
      "id": 99,
      "title": "Beef Dry Aged Tenderloin Aaa",
      "price": "41.66",
      "image": "http://placekitten.com/g/325/350"
    },
    {
      "id": 100,
      "title": "Icecream - Dstk Super Cone",
      "price": "184.50",
      "image": "http://placekitten.com/g/333/335"
    }
  ],
  "next": "/feed/products_2.json"
}